{
  "train_loss": [
    0.6885621417366166,
    0.6801360706354274,
    0.6781109390867233,
    0.6778738665037976,
    0.6772340051138783,
    0.6769271250719968,
    0.6763175012959464,
    0.6758999891868128,
    0.6759111412527053,
    0.6750952128850723,
    0.6753317895332303,
    0.6746094279606869,
    0.6743954934552522,
    0.674690757979162,
    0.6743778746204473,
    0.6739745591214831,
    0.6739824517949905,
    0.6738719820741725,
    0.6734114552294692,
    0.6736755422355755,
    0.6731791476174108,
    0.6733008432147073,
    0.6733071677399325,
    0.6735063637321487,
    0.6735446993355807,
    0.6728222034431831
  ],
  "val_loss": [
    0.6460461706257938,
    0.6446417047066635,
    0.6447082623337091,
    0.64473554103562,
    0.6444992366131772,
    0.6453909930888186,
    0.6447453362888165,
    0.6450241917974493,
    0.6446194282408511,
    0.6450038814812564,
    0.6446376753657052,
    0.6447452141327804,
    0.6448986418461532,
    0.6446391635396508,
    0.6447310999538122,
    0.6446703127260959,
    0.6447927053724782,
    0.6446605784839459,
    0.6449406653307796,
    0.6447639079576128,
    0.6449562195981486,
    0.6450131299120656,
    0.6448590768187233,
    0.644922889953249,
    0.6448900113614757,
    0.645149851782938
  ],
  "train_accuracy": [
    0.6736930860033726,
    0.6763982574480045,
    0.676292861157954,
    0.6762225969645869,
    0.6762577290612704,
    0.6762577290612704,
    0.6761874648679033,
    0.6767144463181562,
    0.675765879707701,
    0.6763982574480045,
    0.6760820685778527,
    0.6760118043844857,
    0.6760820685778527,
    0.6760469364811692,
    0.6769955030916245,
    0.6760118043844857,
    0.6764685216413716,
    0.6758712759977515,
    0.6768198426082068,
    0.6770657672849916,
    0.6765036537380551,
    0.6765036537380551,
    0.6768901068015739,
    0.6772414277684092,
    0.6763631253513209,
    0.676433389544688
  ],
  "val_accuracy": [
    0.709328463051419,
    0.709328463051419,
    0.709328463051419,
    0.709328463051419,
    0.709328463051419,
    0.7077830851362742,
    0.7080640629390278,
    0.7066591739252599,
    0.7080640629390278,
    0.7067996628266366,
    0.707923574037651,
    0.707923574037651,
    0.7075021073335207,
    0.7077830851362742,
    0.7077830851362742,
    0.7077830851362742,
    0.707923574037651,
    0.707923574037651,
    0.7067996628266366,
    0.7075021073335207,
    0.7072211295307671,
    0.7070806406293902,
    0.7073616184321438,
    0.7069401517280135,
    0.7070806406293902,
    0.707923574037651
  ],
  "learning_rates": [
    2e-05,
    8.000000000000001e-06,
    4.800000000000001e-06,
    3.8400000000000005e-06,
    3.8400000000000005e-06,
    3.8400000000000005e-06,
    3.8400000000000005e-06,
    3.8400000000000005e-06,
    3.8400000000000005e-06,
    1.9200000000000003e-06,
    1.9200000000000003e-06,
    1.9200000000000003e-06,
    1.9200000000000003e-06,
    1.9200000000000003e-06,
    1.9200000000000003e-06,
    1.9200000000000003e-06,
    1.9200000000000003e-06,
    1.9200000000000003e-06,
    1e-06,
    1e-06,
    1e-06,
    1e-06,
    1e-06,
    1e-06,
    1e-06,
    1e-06
  ],
  "epoch_times": [
    "0:07:55.119301",
    "0:06:01.048338",
    "0:04:39.261790",
    "0:04:27.153120",
    "0:06:20.980019",
    "0:04:24.419123",
    "0:05:22.707041",
    "0:05:44.764915",
    "0:05:45.202933",
    "0:05:44.970172",
    "0:05:47.414129",
    "0:05:46.159446",
    "0:05:44.507275",
    "0:05:45.037330",
    "0:05:44.594793",
    "0:05:44.279099",
    "0:05:44.738168",
    "0:05:44.042022",
    "0:05:44.035033",
    "0:05:43.116454",
    "0:05:45.659498",
    "0:05:56.825891",
    "0:05:46.267025",
    "0:05:42.766974",
    "0:05:43.946264",
    "0:05:44.193691"
  ]
}