{
  "best_val_accuracy": 0.709328463051419,
  "best_val_loss": 0.6460461706257938,
  "total_epochs": 26,
  "ensemble_models_count": 1,
  "institutional_grade": true,
  "target_achieved": true,
  "timestamp": "2025-07-03T02:32:05.853153"
}